{"cameraMode":{"drawMode":0,"name":"Shaded","section":"Shading Mode"},"sceneLighting":true,"audioPlay":false,"sceneViewState":{"m_AlwaysRefresh":false,"showFog":true,"showSkybox":true,"showFlares":true,"showImageEffects":true,"showParticleSystems":true,"showVisualEffectGraphs":true,"m_FxEnabled":true},"in2DMode":false,"pivot":{"x":6.373250484466553,"y":-3.0135250091552736,"z":59.97071075439453},"rotation":{"x":-0.0737416073679924,"y":0.003587219165638089,"z":-0.00026559014804661274,"w":-0.9972705245018005},"size":38.2167854309082,"orthographic":false}