{"cameraMode":{"drawMode":0,"name":"Shaded","section":"Shading Mode"},"sceneLighting":true,"audioPlay":false,"sceneViewState":{"m_AlwaysRefresh":false,"showFog":true,"showSkybox":true,"showFlares":true,"showImageEffects":true,"showParticleSystems":true,"showVisualEffectGraphs":true,"m_FxEnabled":true},"in2DMode":false,"pivot":{"x":7.647454261779785,"y":-0.7932281494140625,"z":60.310081481933597},"rotation":{"x":-0.0737416073679924,"y":0.003587219165638089,"z":-0.00026559014804661274,"w":-0.9972705245018005},"size":44.773746490478519,"orthographic":false}